2023-12-31T16:33:12+01:00,87.5,23
2023-12-31T16:33:49+01:00,83.33332824707031,20
2023-12-31T16:34:27+01:00,78.33332824707031,20
2023-12-31T16:35:04+01:00,73.33332824707031,20
2023-12-31T16:35:41+01:00,68.33332824707031,23
2023-12-31T16:36:18+01:00,63.33333206176758,23
2023-12-31T16:36:55+01:00,59.166664123535156,20
2023-12-31T16:37:32+01:00,54.999996185302734,20
2023-12-31T16:38:09+01:00,50.83333206176758,20
2023-12-31T16:38:46+01:00,46.666664123535156,20
2023-12-31T16:39:23+01:00,43.33333206176758,23
2023-12-31T16:40:00+01:00,40.83333206176758,23
2023-12-31T16:41:13+01:00,35.83333206176758,20
2023-12-31T16:41:50+01:00,33.33333206176758,23
2023-12-31T16:42:27+01:00,31.66666603088379,23
2023-12-31T16:43:04+01:00,29.16666603088379,20
2023-12-31T16:43:41+01:00,26.66666603088379,20
2023-12-31T16:44:18+01:00,24.999998092651367,23
2023-12-31T16:44:55+01:00,23.333332061767578,26
2023-12-31T16:45:32+01:00,20.833332061767578,23
2023-12-31T16:46:10+01:00,18.333332061767578,23
2023-12-31T16:46:47+01:00,16.66666603088379,23
2023-12-31T16:47:24+01:00,14.166666030883789,23
2023-12-31T16:48:01+01:00,12.499999046325684,23
2023-12-31T16:48:38+01:00,10.833333015441895,20
2023-12-31T16:49:15+01:00,9.166666030883789,20
2023-12-31T16:49:52+01:00,8.333333015441895,23
2023-12-31T16:50:29+01:00,7.499999523162842,20
2023-12-31T16:51:06+01:00,5.8333330154418945,20
2023-12-31T16:51:43+01:00,5,23
2023-12-31T16:52:20+01:00,5,23
2023-12-31T16:54:08+01:00,3.3333332538604736,23
2023-12-31T16:54:45+01:00,2.5,23
2023-12-31T16:55:23+01:00,2.5,23
2023-12-31T16:56:00+01:00,2.5,20
2023-12-31T16:56:37+01:00,1.6666666269302368,23
2023-12-31T16:57:14+01:00,1.6666666269302368,20
2023-12-31T16:57:51+01:00,1.6666666269302368,23
2023-12-31T16:58:28+01:00,1.6666666269302368,20
2023-12-31T16:59:05+01:00,1.6666666269302368,20
2023-12-31T16:59:42+01:00,1.6666666269302368,23
2023-12-31T17:00:19+01:00,1.6666666269302368,23
2023-12-31T17:00:56+01:00,0.8333333134651184,20
2023-12-31T17:01:33+01:00,0.8333333134651184,20
2023-12-31T17:02:10+01:00,0.8333333134651184,23
2023-12-31T17:02:47+01:00,0.8333333134651184,20
2023-12-31T17:03:25+01:00,0.8333333134651184,20
2023-12-31T17:04:02+01:00,0.8333333134651184,20
2023-12-31T17:04:39+01:00,0.8333333134651184,20
2023-12-31T17:05:16+01:00,0.8333333134651184,20
2023-12-31T17:07:04+01:00,0.8333333134651184,20
2023-12-31T17:07:41+01:00,0.8333333134651184,23
2023-12-31T17:08:18+01:00,0.8333333134651184,20
2023-12-31T17:08:55+01:00,0.8333333134651184,20
2023-12-31T17:09:32+01:00,0,20
2023-12-31T17:10:09+01:00,0,20
2023-12-31T17:10:46+01:00,0,20
2023-12-31T17:11:23+01:00,0,20
2023-12-31T17:12:00+01:00,0,20
2023-12-31T17:12:38+01:00,0,20
2023-12-31T17:13:15+01:00,0,20
2023-12-31T17:13:52+01:00,0,20
2023-12-31T17:14:29+01:00,0,17
2023-12-31T17:15:06+01:00,0,20
2023-12-31T17:15:43+01:00,0,20
2023-12-31T17:16:20+01:00,0,20
2023-12-31T17:16:57+01:00,0,20
2023-12-31T17:17:34+01:00,0,23
2023-12-31T17:18:11+01:00,0,23
2023-12-31T17:19:24+01:00,0,23
2023-12-31T17:20:01+01:00,0,20
2023-12-31T17:20:38+01:00,0,20
2023-12-31T17:21:15+01:00,0,20
2023-12-31T17:21:52+01:00,0,20
2023-12-31T17:22:29+01:00,0,20
2023-12-31T17:23:06+01:00,0,20
2023-12-31T17:23:43+01:00,0,20
2023-12-31T17:24:20+01:00,0,20
2023-12-31T17:24:58+01:00,0,20
2023-12-31T17:25:35+01:00,0,20
2023-12-31T17:26:12+01:00,0,23
2023-12-31T17:26:49+01:00,0,20
2023-12-31T17:27:26+01:00,0,23
2023-12-31T17:28:03+01:00,0,20
2023-12-31T17:28:40+01:00,0,23
2023-12-31T17:29:17+01:00,0,20
2023-12-31T17:29:54+01:00,0,20
2023-12-31T17:30:31+01:00,0,20
2023-12-31T17:31:44+01:00,0,20
2023-12-31T17:32:58+01:00,0,20
2023-12-31T17:33:35+01:00,0,20
2023-12-31T17:34:12+01:00,0,20
2023-12-31T17:34:49+01:00,0,20
2023-12-31T17:35:26+01:00,0,20
2023-12-31T17:36:03+01:00,0,23
2023-12-31T17:36:41+01:00,0,20
2023-12-31T17:37:18+01:00,0,20
2023-12-31T17:37:55+01:00,0,23
2023-12-31T17:38:32+01:00,0,20
2023-12-31T17:39:09+01:00,0,20
2023-12-31T17:39:46+01:00,0,23
2023-12-31T17:40:23+01:00,0,20
2023-12-31T17:41:00+01:00,0,20
2023-12-31T17:41:37+01:00,0,20
2023-12-31T17:42:14+01:00,0,20
2023-12-31T17:42:51+01:00,0,20
2023-12-31T17:43:28+01:00,0,23
2023-12-31T17:44:06+01:00,0,20
2023-12-31T17:44:43+01:00,0,29
2023-12-31T17:45:20+01:00,0,20
2023-12-31T17:45:57+01:00,0,20
2023-12-31T17:46:34+01:00,0,20
2023-12-31T17:47:11+01:00,0,20
2023-12-31T17:47:48+01:00,0,20
2023-12-31T17:49:02+01:00,0,23
2023-12-31T17:49:39+01:00,0,20
2023-12-31T17:50:16+01:00,0,23
2023-12-31T17:50:53+01:00,0,20
2023-12-31T17:51:30+01:00,0,23
2023-12-31T17:52:08+01:00,0,20
2023-12-31T17:52:45+01:00,0,20
2023-12-31T17:53:22+01:00,0,20
2023-12-31T17:53:59+01:00,0,20
2023-12-31T17:54:36+01:00,0,20
2023-12-31T17:55:13+01:00,0,20
2023-12-31T17:55:50+01:00,0,20
2023-12-31T17:56:27+01:00,0,23
2023-12-31T17:57:04+01:00,0,20
2023-12-31T17:57:41+01:00,0,23
2023-12-31T17:58:18+01:00,0,20
2023-12-31T17:58:55+01:00,0,23
2023-12-31T17:59:33+01:00,0,20
2023-12-31T18:00:10+01:00,0,20
2023-12-31T18:00:47+01:00,0,23
2023-12-31T18:01:24+01:00,0,20
2023-12-31T18:02:01+01:00,0,20
2023-12-31T18:02:38+01:00,0,23
2023-12-31T18:03:15+01:00,0,20
2023-12-31T18:03:52+01:00,0,20
2023-12-31T18:06:15+01:00,0,20
2023-12-31T18:06:53+01:00,0,20
2023-12-31T18:07:30+01:00,0,20
2023-12-31T18:08:07+01:00,0,26
2023-12-31T18:08:44+01:00,0,20
2023-12-31T18:09:21+01:00,0,20
2023-12-31T18:09:58+01:00,0,29
2023-12-31T18:10:35+01:00,0,20
2023-12-31T18:11:12+01:00,0,23
2023-12-31T18:11:49+01:00,0,23
2023-12-31T18:12:26+01:00,0,20
2023-12-31T18:13:03+01:00,0,29
2023-12-31T18:13:40+01:00,0,23
2023-12-31T18:14:18+01:00,0,26
2023-12-31T18:14:55+01:00,0,32
2023-12-31T18:15:32+01:00,0,23
2023-12-31T18:16:09+01:00,0,20
2023-12-31T18:16:46+01:00,0,23
2023-12-31T18:17:23+01:00,0,29
2023-12-31T18:18:36+01:00,0,26
2023-12-31T18:19:13+01:00,0,29
2023-12-31T18:20:27+01:00,0,26
2023-12-31T18:21:04+01:00,0,23
2023-12-31T18:21:41+01:00,0,20
2023-12-31T18:22:18+01:00,0,20
2023-12-31T18:22:55+01:00,0,20
2023-12-31T18:23:32+01:00,0,23
2023-12-31T18:24:09+01:00,0,23
2023-12-31T18:24:46+01:00,0,23
2023-12-31T18:25:23+01:00,0,23
2023-12-31T18:26:01+01:00,0,23
2023-12-31T18:26:38+01:00,0,20
2023-12-31T18:27:15+01:00,0,23
2023-12-31T18:27:52+01:00,0,26
2023-12-31T18:28:29+01:00,0,23
2023-12-31T18:29:06+01:00,0,29
2023-12-31T18:29:43+01:00,0,26
2023-12-31T18:30:20+01:00,0,50
2023-12-31T18:31:33+01:00,0,23
2023-12-31T18:32:10+01:00,0,26
2023-12-31T18:32:47+01:00,0,35
2023-12-31T18:33:24+01:00,0,26
2023-12-31T18:34:01+01:00,0,20
2023-12-31T18:34:38+01:00,0,20
2023-12-31T18:35:15+01:00,0,26
2023-12-31T18:36:28+01:00,0,20
2023-12-31T18:37:05+01:00,0,20
2023-12-31T18:37:42+01:00,0,23
2023-12-31T18:38:19+01:00,0,20
2023-12-31T18:38:56+01:00,0,29
2023-12-31T18:39:33+01:00,0,23
2023-12-31T18:40:10+01:00,0,20
2023-12-31T18:40:47+01:00,0,20
2023-12-31T18:41:24+01:00,0,23
2023-12-31T18:42:01+01:00,0,20
2023-12-31T18:42:38+01:00,0,20
2023-12-31T18:44:26+01:00,0,20
2023-12-31T18:45:04+01:00,0,20
2023-12-31T18:45:41+01:00,0,20
2023-12-31T18:46:18+01:00,0,20
2023-12-31T18:46:55+01:00,0,41
2023-12-31T18:47:32+01:00,0,20
2023-12-31T18:48:09+01:00,0,20
2023-12-31T18:48:46+01:00,0,17
2023-12-31T18:49:23+01:00,0,23
2023-12-31T18:50:00+01:00,0,23
2023-12-31T18:50:37+01:00,0,20
2023-12-31T18:51:14+01:00,0,20
2023-12-31T18:51:51+01:00,0,20
2023-12-31T18:52:29+01:00,0,20
2023-12-31T18:53:06+01:00,0,17
2023-12-31T18:53:43+01:00,0,23
2023-12-31T18:54:20+01:00,0,17
2023-12-31T18:54:57+01:00,0,20
2023-12-31T18:55:34+01:00,0,20
2023-12-31T18:56:46+01:00,0,26
2023-12-31T18:57:24+01:00,0,17
2023-12-31T18:58:01+01:00,0,26
2023-12-31T18:58:38+01:00,0,20
2023-12-31T18:59:15+01:00,0,20
2023-12-31T18:59:52+01:00,0,29
2023-12-31T19:00:29+01:00,0,71
2023-12-31T19:01:06+01:00,0,17
2023-12-31T19:01:43+01:00,0,20
2023-12-31T19:02:20+01:00,0,23
2023-12-31T19:02:57+01:00,0,20
2023-12-31T19:03:34+01:00,0,20
2023-12-31T19:04:12+01:00,0,26
2023-12-31T19:04:49+01:00,0,20
2023-12-31T19:05:26+01:00,0,20
2023-12-31T19:06:03+01:00,0,26
2023-12-31T19:06:40+01:00,0,50
2023-12-31T19:07:17+01:00,0,20
2023-12-31T19:07:54+01:00,0,17
2023-12-31T19:09:42+01:00,0,20
2023-12-31T19:10:19+01:00,0,20
2023-12-31T19:10:56+01:00,0,23
2023-12-31T19:11:33+01:00,0,20
2023-12-31T19:12:10+01:00,0,47
2023-12-31T19:12:48+01:00,0,20
2023-12-31T19:13:25+01:00,0,35
2023-12-31T19:14:02+01:00,0,20
2023-12-31T19:14:39+01:00,0,20
2023-12-31T19:15:16+01:00,0,23
2023-12-31T19:15:53+01:00,0,29
2023-12-31T19:16:30+01:00,0,23
2023-12-31T19:17:07+01:00,0,47
2023-12-31T19:17:44+01:00,0,29
2023-12-31T19:18:21+01:00,0,26
2023-12-31T19:18:58+01:00,0,17
2023-12-31T19:19:35+01:00,0,20
2023-12-31T19:20:13+01:00,0,26
2023-12-31T19:20:50+01:00,0,20
2023-12-31T19:22:02+01:00,0,26
2023-12-31T19:22:39+01:00,0,38
2023-12-31T19:23:16+01:00,0,20
2023-12-31T19:23:54+01:00,0,149
2023-12-31T19:24:31+01:00,0,20
2023-12-31T19:25:08+01:00,0,32
2023-12-31T19:25:45+01:00,0,32
2023-12-31T19:26:22+01:00,0,20
2023-12-31T19:26:59+01:00,0,20
2023-12-31T19:27:36+01:00,0,17
2023-12-31T19:28:13+01:00,0,17
2023-12-31T19:28:50+01:00,0,20
2023-12-31T19:29:27+01:00,0,20
2023-12-31T19:30:04+01:00,0,35
2023-12-31T19:30:41+01:00,0,20
2023-12-31T19:31:19+01:00,0,32
2023-12-31T19:31:56+01:00,0,26
2023-12-31T19:32:33+01:00,0,26
2023-12-31T19:33:10+01:00,0,26
2023-12-31T19:34:22+01:00,0,23
2023-12-31T19:35:00+01:00,0,26
2023-12-31T19:35:37+01:00,0,17
2023-12-31T19:36:51+01:00,0,20
2023-12-31T19:37:28+01:00,0,20
2023-12-31T19:38:05+01:00,0,20
2023-12-31T19:38:42+01:00,0,23
2023-12-31T19:39:19+01:00,0,20
2023-12-31T19:39:56+01:00,0,23
2023-12-31T19:40:33+01:00,0,17
2023-12-31T19:41:10+01:00,0,32
2023-12-31T19:41:47+01:00,0,17
2023-12-31T19:42:25+01:00,0,23
2023-12-31T19:43:02+01:00,0,35
2023-12-31T19:43:39+01:00,0,41
2023-12-31T19:44:16+01:00,0,53
2023-12-31T19:44:53+01:00,0,65
2023-12-31T19:45:30+01:00,0,17
2023-12-31T19:46:07+01:00,0,65
2023-12-31T19:46:44+01:00,0,17
2023-12-31T19:47:21+01:00,0,38
2023-12-31T19:47:58+01:00,0,23
2023-12-31T19:48:35+01:00,0,26
2023-12-31T19:49:13+01:00,0,32
2023-12-31T19:49:50+01:00,0,38
2023-12-31T19:51:04+01:00,0,29
2023-12-31T19:51:41+01:00,0,17
2023-12-31T19:52:18+01:00,0,17
2023-12-31T19:52:55+01:00,0,23
2023-12-31T19:53:32+01:00,0,23
2023-12-31T19:54:09+01:00,0,26
2023-12-31T19:54:46+01:00,0,23
2023-12-31T19:55:23+01:00,0,23
2023-12-31T19:56:01+01:00,0,35
2023-12-31T19:56:38+01:00,0,23
2023-12-31T19:57:15+01:00,0,23
2023-12-31T19:57:52+01:00,0,17
2023-12-31T19:58:29+01:00,0,35
2023-12-31T19:59:06+01:00,0,17
2023-12-31T19:59:43+01:00,0,29
2023-12-31T20:00:20+01:00,0,20
2023-12-31T20:00:57+01:00,0,17
2023-12-31T20:01:34+01:00,0,17
2023-12-31T20:02:11+01:00,0,29
2023-12-31T20:02:49+01:00,0,23
2023-12-31T20:03:26+01:00,0,23
2023-12-31T20:04:03+01:00,0,35
2023-12-31T20:04:40+01:00,0,23
2023-12-31T20:05:17+01:00,0,26
2023-12-31T20:05:54+01:00,0,29
2023-12-31T20:06:31+01:00,0,44
2023-12-31T20:07:08+01:00,0,23
2023-12-31T20:07:45+01:00,0,23
2023-12-31T20:08:22+01:00,0,35
2023-12-31T20:08:59+01:00,0,23
2023-12-31T20:09:36+01:00,0,26
2023-12-31T20:10:14+01:00,0,23
2023-12-31T20:10:51+01:00,0,20
2023-12-31T20:11:28+01:00,0,23
2023-12-31T20:12:05+01:00,0,23
2023-12-31T20:12:42+01:00,0,20
2023-12-31T20:13:19+01:00,0,23
2023-12-31T20:13:56+01:00,0,23
2023-12-31T20:14:33+01:00,0,23
2023-12-31T20:15:10+01:00,0,23
2023-12-31T20:15:47+01:00,0,26
2023-12-31T20:16:24+01:00,0,23
2023-12-31T20:17:02+01:00,0,23
2023-12-31T20:17:39+01:00,0,23
2023-12-31T20:18:16+01:00,0,23
2023-12-31T20:18:53+01:00,0,23
2023-12-31T20:19:30+01:00,0,23
2023-12-31T20:20:07+01:00,0,23
2023-12-31T20:20:44+01:00,0,23
2023-12-31T20:21:21+01:00,0,23
2023-12-31T20:21:58+01:00,0,29
2023-12-31T20:22:35+01:00,0,23
2023-12-31T20:23:12+01:00,0,23
2023-12-31T20:25:00+01:00,0,26
2023-12-31T20:25:38+01:00,0,20
2023-12-31T20:26:15+01:00,0,20
2023-12-31T20:26:52+01:00,0,20
2023-12-31T20:27:29+01:00,0,23
2023-12-31T20:28:06+01:00,0,26
2023-12-31T20:28:43+01:00,0,23
2023-12-31T20:29:20+01:00,0,23
2023-12-31T20:29:57+01:00,0,26
2023-12-31T20:30:34+01:00,0,23
2023-12-31T20:31:11+01:00,0,26
2023-12-31T20:31:48+01:00,0,26
2023-12-31T20:32:26+01:00,0,20
2023-12-31T20:33:03+01:00,0,23
2023-12-31T20:33:40+01:00,0,23
2023-12-31T20:34:17+01:00,0,23
2023-12-31T20:34:54+01:00,0,23
2023-12-31T20:35:31+01:00,0,23
2023-12-31T20:36:08+01:00,0,20
2023-12-31T20:37:56+01:00,0,29
2023-12-31T20:38:33+01:00,0,29
2023-12-31T20:39:10+01:00,0,44
2023-12-31T20:40:23+01:00,0,23
2023-12-31T20:41:00+01:00,0,20
2023-12-31T20:41:37+01:00,0,20
2023-12-31T20:42:14+01:00,0,20
2023-12-31T20:42:51+01:00,0,20
2023-12-31T20:43:28+01:00,0,23
2023-12-31T20:44:05+01:00,0,23
2023-12-31T20:44:42+01:00,0,17
2023-12-31T20:45:19+01:00,0,23
2023-12-31T20:45:56+01:00,0,23
2023-12-31T20:46:34+01:00,0,23
2023-12-31T20:47:11+01:00,0,23
2023-12-31T20:47:48+01:00,0,23
2023-12-31T20:48:25+01:00,0,23
2023-12-31T20:49:02+01:00,0,20
2023-12-31T20:50:15+01:00,0,23
2023-12-31T20:50:52+01:00,0,20
2023-12-31T20:51:29+01:00,0,23
2023-12-31T20:52:06+01:00,0,23
2023-12-31T20:52:43+01:00,0,23
2023-12-31T20:53:20+01:00,0,20
2023-12-31T20:53:57+01:00,0,23
2023-12-31T20:54:34+01:00,0,20
2023-12-31T20:55:11+01:00,0,23
2023-12-31T20:55:48+01:00,0,23
2023-12-31T20:56:25+01:00,0,20
2023-12-31T20:57:02+01:00,0,26
2023-12-31T20:57:40+01:00,0,23
2023-12-31T20:58:17+01:00,0,53
2023-12-31T20:58:54+01:00,0,23
2023-12-31T20:59:31+01:00,0,23
2023-12-31T21:00:08+01:00,0,26
2023-12-31T21:00:45+01:00,0,23
2023-12-31T21:01:22+01:00,0,23
2023-12-31T21:02:35+01:00,0,23
2023-12-31T21:03:12+01:00,0,26
2023-12-31T21:03:49+01:00,0,23
2023-12-31T21:04:26+01:00,0,26
2023-12-31T21:05:03+01:00,0,23
2023-12-31T21:05:40+01:00,0,23
2023-12-31T21:06:17+01:00,0,23
2023-12-31T21:06:54+01:00,0,23
2023-12-31T21:07:31+01:00,0,23
2023-12-31T21:08:08+01:00,0,23
2023-12-31T21:08:46+01:00,0,29
2023-12-31T21:09:23+01:00,0,23
2023-12-31T21:10:00+01:00,0,23
2023-12-31T21:10:37+01:00,0,23
2023-12-31T21:11:14+01:00,0,23
2023-12-31T21:11:51+01:00,0,23
2023-12-31T21:12:28+01:00,0,23
2023-12-31T21:13:05+01:00,0,23
2023-12-31T21:13:42+01:00,0,23
2023-12-31T21:14:19+01:00,0,23
2023-12-31T21:14:56+01:00,0,23
2023-12-31T21:15:34+01:00,0,23
2023-12-31T21:16:11+01:00,0,23
2023-12-31T21:16:48+01:00,0,23
2023-12-31T21:17:25+01:00,0,17
2023-12-31T21:18:02+01:00,0,17
2023-12-31T21:18:39+01:00,0,17
2023-12-31T21:19:16+01:00,0,17
2023-12-31T21:19:53+01:00,0,26
2023-12-31T21:20:30+01:00,0,17
2023-12-31T21:21:07+01:00,0,23
2023-12-31T21:21:44+01:00,0,17
2023-12-31T21:22:22+01:00,0,17
2023-12-31T21:24:09+01:00,0,23
2023-12-31T21:24:47+01:00,0,17
2023-12-31T21:25:24+01:00,0,17
2023-12-31T21:26:01+01:00,0,20
2023-12-31T21:26:38+01:00,0,17
2023-12-31T21:27:15+01:00,0,20
2023-12-31T21:27:52+01:00,0,20
2023-12-31T21:28:29+01:00,0,20
2023-12-31T21:29:06+01:00,0,20
2023-12-31T21:29:43+01:00,0,20
2023-12-31T21:30:20+01:00,0,20
2023-12-31T21:30:57+01:00,0,20
2023-12-31T21:31:35+01:00,0,20
2023-12-31T21:32:12+01:00,0,20
2023-12-31T21:32:49+01:00,0,17
2023-12-31T21:33:26+01:00,0,20
2023-12-31T21:34:03+01:00,0,17
2023-12-31T21:34:40+01:00,0,20
2023-12-31T21:35:17+01:00,0,20
2023-12-31T21:37:05+01:00,0,20
2023-12-31T21:37:42+01:00,0,20
2023-12-31T21:38:19+01:00,0,20
2023-12-31T21:38:56+01:00,0,17
2023-12-31T21:39:33+01:00,0,20
2023-12-31T21:40:10+01:00,0,20
2023-12-31T21:40:48+01:00,0,17
2023-12-31T21:41:25+01:00,0,17
2023-12-31T21:42:02+01:00,0,17
2023-12-31T21:42:39+01:00,0,17
2023-12-31T21:43:16+01:00,0,17
2023-12-31T21:43:53+01:00,0,20
2023-12-31T21:44:30+01:00,0,17
2023-12-31T21:45:07+01:00,0,17
2023-12-31T21:46:21+01:00,0,17
2023-12-31T21:46:58+01:00,0,17
2023-12-31T21:47:36+01:00,0,17
2023-12-31T21:48:13+01:00,0,17
2023-12-31T21:48:50+01:00,0,17
2023-12-31T21:50:02+01:00,0,17
2023-12-31T21:50:39+01:00,0,17
2023-12-31T21:51:16+01:00,0,17
2023-12-31T21:51:54+01:00,0,17
2023-12-31T21:52:31+01:00,0,17
2023-12-31T21:53:08+01:00,0,17
2023-12-31T21:53:45+01:00,0,17
2023-12-31T21:54:22+01:00,0,17
2023-12-31T21:54:59+01:00,0,17
2023-12-31T21:55:36+01:00,0,17
2023-12-31T21:56:13+01:00,0,17
2023-12-31T21:56:50+01:00,0,17
2023-12-31T21:57:27+01:00,0,17
2023-12-31T21:58:04+01:00,0,17
2023-12-31T21:58:42+01:00,0,17
2023-12-31T21:59:19+01:00,0,17
2023-12-31T21:59:56+01:00,0,20
2023-12-31T22:00:33+01:00,0,17
2023-12-31T22:01:10+01:00,0,17
2023-12-31T22:02:22+01:00,0,17
2023-12-31T22:03:00+01:00,0,17
2023-12-31T22:03:37+01:00,0,17
2023-12-31T22:04:14+01:00,0,17
2023-12-31T22:04:51+01:00,0,17
2023-12-31T22:05:28+01:00,0,17
2023-12-31T22:06:05+01:00,0,17
2023-12-31T22:06:42+01:00,0,17
2023-12-31T22:07:19+01:00,0,17
2023-12-31T22:07:56+01:00,0,17
2023-12-31T22:08:33+01:00,0,17
2023-12-31T22:09:10+01:00,0,17
2023-12-31T22:09:48+01:00,0,17
2023-12-31T22:10:25+01:00,0,17
2023-12-31T22:11:02+01:00,0,17
2023-12-31T22:11:39+01:00,0,17
2023-12-31T22:12:16+01:00,0,17
2023-12-31T22:13:30+01:00,0,17
2023-12-31T22:14:07+01:00,0,20
2023-12-31T22:16:31+01:00,0,20
2023-12-31T22:17:08+01:00,0,17
2023-12-31T22:17:45+01:00,0,17
2023-12-31T22:18:22+01:00,0,20
2023-12-31T22:18:59+01:00,0,20
2023-12-31T22:19:36+01:00,0,17
2023-12-31T22:20:13+01:00,0,17
2023-12-31T22:20:50+01:00,0,17
2023-12-31T22:21:27+01:00,0,17
2023-12-31T22:22:04+01:00,0,20
2023-12-31T22:22:41+01:00,0,20
2023-12-31T22:23:18+01:00,0,20
2023-12-31T22:23:56+01:00,0,20
2023-12-31T22:24:33+01:00,0,20
2023-12-31T22:25:10+01:00,0,20
2023-12-31T22:25:47+01:00,0,20
2023-12-31T22:26:24+01:00,0,17
2023-12-31T22:27:01+01:00,0,20
2023-12-31T22:27:38+01:00,0,20
2023-12-31T22:28:51+01:00,0,20
2023-12-31T22:29:28+01:00,0,17
2023-12-31T22:30:05+01:00,0,20
2023-12-31T22:30:42+01:00,0,17
2023-12-31T22:31:19+01:00,0,20
2023-12-31T22:31:56+01:00,0,20
2023-12-31T22:32:33+01:00,0,20
2023-12-31T22:33:10+01:00,0,20
2023-12-31T22:33:47+01:00,0,20
2023-12-31T22:34:24+01:00,0,20
2023-12-31T22:35:02+01:00,0,35
2023-12-31T22:35:39+01:00,0,20
2023-12-31T22:36:16+01:00,0,17
2023-12-31T22:36:53+01:00,0,38
2023-12-31T22:37:30+01:00,0,17
2023-12-31T22:38:07+01:00,0,17
2023-12-31T22:38:44+01:00,0,17
2023-12-31T22:39:21+01:00,0,20
2023-12-31T22:39:58+01:00,0,17
2023-12-31T22:41:11+01:00,0,17
2023-12-31T22:41:48+01:00,0,17
2023-12-31T22:42:25+01:00,0,17
2023-12-31T22:43:02+01:00,0,20
2023-12-31T22:44:15+01:00,0,17
2023-12-31T22:45:27+01:00,0,17
2023-12-31T22:46:04+01:00,0,20
2023-12-31T22:46:41+01:00,0,17
2023-12-31T22:47:18+01:00,0,17
2023-12-31T22:47:55+01:00,0,17
2023-12-31T22:48:33+01:00,0,20
2023-12-31T22:49:10+01:00,0,17
2023-12-31T22:49:47+01:00,0,17
2023-12-31T22:50:24+01:00,0,20
2023-12-31T22:51:01+01:00,0,20
2023-12-31T22:51:38+01:00,0,17
2023-12-31T22:52:15+01:00,0,20
2023-12-31T22:52:52+01:00,0,17
2023-12-31T22:54:40+01:00,0,17
2023-12-31T22:55:17+01:00,0,17
2023-12-31T22:55:54+01:00,0,17
2023-12-31T22:56:31+01:00,0,17
2023-12-31T22:57:08+01:00,0,23
2023-12-31T22:57:46+01:00,0,17
2023-12-31T22:58:23+01:00,0,17
2023-12-31T22:59:00+01:00,0,20
2023-12-31T22:59:37+01:00,0,20
2023-12-31T23:00:14+01:00,0,17
2023-12-31T23:00:51+01:00,0,17
2023-12-31T23:01:28+01:00,0,20
2023-12-31T23:02:05+01:00,0,17
2023-12-31T23:02:42+01:00,0,17
2023-12-31T23:03:19+01:00,0,17
2023-12-31T23:03:56+01:00,0,20
2023-12-31T23:04:34+01:00,0,17
2023-12-31T23:05:11+01:00,0,20
2023-12-31T23:05:48+01:00,0,17
2023-12-31T23:07:36+01:00,0,20
2023-12-31T23:08:13+01:00,0,20
2023-12-31T23:08:50+01:00,0,17
2023-12-31T23:09:27+01:00,0,17
2023-12-31T23:10:04+01:00,0,20
2023-12-31T23:10:41+01:00,0,17
2023-12-31T23:11:18+01:00,0,17
2023-12-31T23:11:55+01:00,0,17
2023-12-31T23:13:09+01:00,0,17
2023-12-31T23:13:47+01:00,0,17
2023-12-31T23:14:24+01:00,0,20
2023-12-31T23:15:01+01:00,0,17
2023-12-31T23:15:38+01:00,0,20
2023-12-31T23:16:15+01:00,0,32
2023-12-31T23:16:52+01:00,0,20
2023-12-31T23:17:29+01:00,0,20
2023-12-31T23:18:06+01:00,0,20
2023-12-31T23:18:43+01:00,0,17
2023-12-31T23:19:20+01:00,0,17
2023-12-31T23:20:33+01:00,0,20
2023-12-31T23:21:10+01:00,0,20
2023-12-31T23:21:47+01:00,0,17
2023-12-31T23:22:24+01:00,0,20
2023-12-31T23:23:01+01:00,0,20
2023-12-31T23:23:38+01:00,0,20
2023-12-31T23:24:15+01:00,0,17
2023-12-31T23:24:53+01:00,0,20
2023-12-31T23:25:30+01:00,0,35
2023-12-31T23:26:07+01:00,0,23
2023-12-31T23:26:44+01:00,0,20
2023-12-31T23:27:21+01:00,0,20
2023-12-31T23:27:58+01:00,0,20
2023-12-31T23:28:35+01:00,0,20
2023-12-31T23:29:12+01:00,0,20
2023-12-31T23:29:49+01:00,0,20
2023-12-31T23:30:26+01:00,0,20
2023-12-31T23:31:03+01:00,0,20
2023-12-31T23:31:41+01:00,0,20
2023-12-31T23:32:53+01:00,0,20
2023-12-31T23:33:30+01:00,0,20
2023-12-31T23:34:07+01:00,0,20
2023-12-31T23:34:44+01:00,0,20
2023-12-31T23:35:21+01:00,0,17
2023-12-31T23:35:59+01:00,0,20
2023-12-31T23:36:36+01:00,0,20
2023-12-31T23:37:13+01:00,0,23
2023-12-31T23:37:50+01:00,0,17
2023-12-31T23:38:27+01:00,0,20
2023-12-31T23:39:04+01:00,0,20
2023-12-31T23:39:41+01:00,0,17
2023-12-31T23:40:18+01:00,0,20
2023-12-31T23:40:55+01:00,0,20
2023-12-31T23:41:32+01:00,0,17
2023-12-31T23:42:09+01:00,0,26
2023-12-31T23:42:47+01:00,0,20
2023-12-31T23:43:24+01:00,0,17
2023-12-31T23:44:01+01:00,0,17
2023-12-31T23:45:13+01:00,0,17
2023-12-31T23:45:50+01:00,0,20
2023-12-31T23:46:27+01:00,0,17
2023-12-31T23:47:05+01:00,0,17
2023-12-31T23:47:42+01:00,0,17
2023-12-31T23:48:19+01:00,0,20
2023-12-31T23:48:56+01:00,0,65
2023-12-31T23:49:33+01:00,0,17
2023-12-31T23:50:10+01:00,0,17
2023-12-31T23:50:47+01:00,0,17
2023-12-31T23:51:24+01:00,0,17
2023-12-31T23:52:01+01:00,0,20
2023-12-31T23:52:38+01:00,0,17
2023-12-31T23:53:15+01:00,0,17
2023-12-31T23:53:53+01:00,0,20
2023-12-31T23:54:30+01:00,0,17
2023-12-31T23:55:07+01:00,0,20
2023-12-31T23:55:44+01:00,0,143
2023-12-31T23:56:21+01:00,0,20
2023-12-31T23:58:09+01:00,0,29
2023-12-31T23:58:46+01:00,0,29
2023-12-31T23:59:23+01:00,0,50
2024-01-01T00:00:00+01:00,0,47
2024-01-01T00:00:37+01:00,0,140
2024-01-01T00:01:14+01:00,0,62
2024-01-01T00:01:51+01:00,0,128
2024-01-01T00:02:29+01:00,0,83
2024-01-01T00:04:20+01:00,0,59
2024-01-01T00:04:57+01:00,0,44
2024-01-01T00:05:34+01:00,0,110
2024-01-01T00:06:11+01:00,0,101
2024-01-01T00:06:48+01:00,0,44
2024-01-01T00:07:25+01:00,0,32
2024-01-01T00:08:02+01:00,0,29
2024-01-01T00:08:39+01:00,0,32
2024-01-01T00:09:17+01:00,0,110
2024-01-01T00:10:29+01:00,0,35
2024-01-01T00:11:06+01:00,0,35
2024-01-01T00:11:43+01:00,0,32
2024-01-01T00:12:20+01:00,0,23
2024-01-01T00:12:57+01:00,0,68
2024-01-01T00:13:35+01:00,0,38
2024-01-01T00:14:12+01:00,0,23
2024-01-01T00:14:49+01:00,0,50
2024-01-01T00:15:26+01:00,0,38
2024-01-01T00:16:03+01:00,0,167
2024-01-01T00:16:40+01:00,0,74
2024-01-01T00:17:17+01:00,0,53
2024-01-01T00:17:54+01:00,0,23
2024-01-01T00:18:31+01:00,0,38
2024-01-01T00:19:08+01:00,0,41
2024-01-01T00:19:46+01:00,0,20
2024-01-01T00:20:23+01:00,0,29
2024-01-01T00:21:00+01:00,0,35
2024-01-01T00:21:37+01:00,0,47
2024-01-01T00:22:14+01:00,0,26
2024-01-01T00:22:51+01:00,0,26
2024-01-01T00:23:28+01:00,0,71
2024-01-01T00:24:05+01:00,0,20
2024-01-01T00:24:42+01:00,0,26
2024-01-01T00:25:19+01:00,0,23
2024-01-01T00:25:57+01:00,0,26
2024-01-01T00:26:34+01:00,0,47
2024-01-01T00:27:11+01:00,0,26
2024-01-01T00:27:48+01:00,0,26
2024-01-01T00:28:25+01:00,0,26
2024-01-01T00:29:02+01:00,0,23
2024-01-01T00:29:39+01:00,0,29
2024-01-01T00:30:53+01:00,0,20
2024-01-01T00:31:30+01:00,0,23
2024-01-01T00:32:07+01:00,0,26
2024-01-01T00:33:55+01:00,0,29
2024-01-01T00:34:32+01:00,0,26
2024-01-01T00:35:10+01:00,0,26
2024-01-01T00:35:47+01:00,0,26
2024-01-01T00:36:24+01:00,0,26
2024-01-01T00:37:01+01:00,0,23
2024-01-01T00:37:38+01:00,0,23
2024-01-01T00:38:15+01:00,0,23
2024-01-01T00:38:52+01:00,0,23
2024-01-01T00:39:29+01:00,0,35
2024-01-01T00:40:06+01:00,0,23
2024-01-01T00:40:43+01:00,0,26
2024-01-01T00:41:21+01:00,0,23
2024-01-01T00:41:58+01:00,0,23
2024-01-01T00:42:35+01:00,0,26
2024-01-01T00:43:12+01:00,0,26
2024-01-01T00:43:49+01:00,0,26
2024-01-01T00:44:26+01:00,0,26
2024-01-01T00:45:03+01:00,0,26
2024-01-01T00:46:16+01:00,0,23
2024-01-01T00:46:53+01:00,0,44
2024-01-01T00:47:30+01:00,0,26
2024-01-01T00:48:07+01:00,0,26
2024-01-01T00:49:19+01:00,0,23
2024-01-01T00:49:57+01:00,0,23
2024-01-01T00:50:34+01:00,0,20
2024-01-01T00:51:11+01:00,0,20
2024-01-01T00:51:48+01:00,0,20
2024-01-01T00:52:25+01:00,0,20
2024-01-01T00:53:02+01:00,0,23
2024-01-01T00:53:39+01:00,0,20
2024-01-01T00:54:16+01:00,0,20
2024-01-01T00:54:53+01:00,0,26
2024-01-01T00:55:30+01:00,0,23
2024-01-01T00:56:08+01:00,0,29
2024-01-01T00:56:45+01:00,0,32
2024-01-01T00:57:22+01:00,0,20
2024-01-01T00:57:59+01:00,0,26
2024-01-01T00:58:36+01:00,0,20
2024-01-01T00:59:13+01:00,0,23
2024-01-01T00:59:50+01:00,0,20
2024-01-01T01:00:27+01:00,0,23
2024-01-01T01:01:04+01:00,0,20
2024-01-01T01:01:41+01:00,0,20
2024-01-01T01:02:18+01:00,0,26
2024-01-01T01:02:56+01:00,0,20
2024-01-01T01:03:33+01:00,0,20
2024-01-01T01:04:10+01:00,0,20
2024-01-01T01:04:47+01:00,0,20
2024-01-01T01:05:24+01:00,0,23
2024-01-01T01:06:01+01:00,0,23
2024-01-01T01:06:38+01:00,0,20
2024-01-01T01:08:26+01:00,0,20
2024-01-01T01:09:03+01:00,0,20
2024-01-01T01:09:40+01:00,0,20
2024-01-01T01:10:17+01:00,0,20
2024-01-01T01:10:54+01:00,0,20
2024-01-01T01:11:32+01:00,0,23
2024-01-01T01:12:09+01:00,0,20
2024-01-01T01:12:46+01:00,0,23
2024-01-01T01:13:23+01:00,0,20
2024-01-01T01:14:00+01:00,0,20
2024-01-01T01:14:37+01:00,0,20
2024-01-01T01:15:14+01:00,0,23
2024-01-01T01:15:51+01:00,0,20
2024-01-01T01:16:28+01:00,0,23
2024-01-01T01:17:05+01:00,0,23
2024-01-01T01:17:43+01:00,0,23
2024-01-01T01:18:20+01:00,0,23
2024-01-01T01:18:57+01:00,0,23
2024-01-01T01:19:34+01:00,0,20
2024-01-01T01:20:46+01:00,0,20
2024-01-01T01:21:23+01:00,0,20
2024-01-01T01:22:01+01:00,0,20
2024-01-01T01:22:38+01:00,0,17
2024-01-01T01:23:15+01:00,0,17
2024-01-01T01:23:52+01:00,0,17
2024-01-01T01:24:29+01:00,0,17
2024-01-01T01:25:06+01:00,0,17
2024-01-01T01:25:43+01:00,0,17
2024-01-01T01:26:20+01:00,0,20
2024-01-01T01:26:57+01:00,0,20
2024-01-01T01:27:34+01:00,0,23
2024-01-01T01:28:12+01:00,0,20
2024-01-01T01:28:49+01:00,0,17
2024-01-01T01:29:26+01:00,0,23
2024-01-01T01:30:03+01:00,0,20
2024-01-01T01:30:40+01:00,0,23
2024-01-01T01:31:17+01:00,0,23
2024-01-01T01:31:54+01:00,0,20
2024-01-01T01:33:42+01:00,0,23
2024-01-01T01:34:19+01:00,0,23
2024-01-01T01:34:56+01:00,0,20
2024-01-01T01:35:33+01:00,0,20
2024-01-01T01:36:10+01:00,0,23
2024-01-01T01:36:48+01:00,0,20
2024-01-01T01:37:25+01:00,0,20
2024-01-01T01:38:02+01:00,0,20
2024-01-01T01:38:39+01:00,0,26
2024-01-01T01:39:16+01:00,0,23
2024-01-01T01:39:53+01:00,0,26
2024-01-01T01:40:30+01:00,0,26
2024-01-01T01:41:07+01:00,0,26
2024-01-01T01:41:44+01:00,0,26
2024-01-01T01:42:21+01:00,0,26
2024-01-01T01:42:58+01:00,0,26
2024-01-01T01:43:36+01:00,0,23
2024-01-01T01:44:13+01:00,0,23
2024-01-01T01:44:50+01:00,0,26
2024-01-01T01:46:02+01:00,0,23
2024-01-01T01:46:39+01:00,0,20
2024-01-01T01:47:16+01:00,0,20
2024-01-01T01:47:54+01:00,0,20
2024-01-01T01:48:31+01:00,0,20
2024-01-01T01:49:08+01:00,0,23
2024-01-01T01:49:45+01:00,0,20
2024-01-01T01:50:22+01:00,0,20
2024-01-01T01:50:59+01:00,0,20
2024-01-01T01:51:36+01:00,0,20
2024-01-01T01:52:13+01:00,0,20
2024-01-01T01:52:50+01:00,0,20
2024-01-01T01:53:27+01:00,0,20
2024-01-01T01:54:05+01:00,0,20
2024-01-01T01:54:42+01:00,0,20
2024-01-01T01:55:19+01:00,0,20
2024-01-01T01:55:56+01:00,0,23
2024-01-01T01:56:33+01:00,0,23
2024-01-01T01:57:10+01:00,0,20
2024-01-01T01:58:23+01:00,0,23
2024-01-01T01:59:00+01:00,0,23
2024-01-01T01:59:37+01:00,0,23
2024-01-01T02:00:14+01:00,0,20
2024-01-01T02:00:51+01:00,0,20
2024-01-01T02:01:28+01:00,0,23
2024-01-01T02:02:05+01:00,0,20
2024-01-01T02:02:42+01:00,0,23
2024-01-01T02:03:19+01:00,0,20
2024-01-01T02:03:56+01:00,0,20
2024-01-01T02:04:33+01:00,0,20
2024-01-01T02:05:11+01:00,0,17
2024-01-01T02:05:48+01:00,0,20
2024-01-01T02:06:25+01:00,0,17
2024-01-01T02:07:02+01:00,0,17
2024-01-01T02:07:39+01:00,0,17
2024-01-01T02:08:16+01:00,0,17
2024-01-01T02:08:53+01:00,0,17
2024-01-01T02:09:30+01:00,0,17
2024-01-01T02:10:07+01:00,0,17
2024-01-01T02:10:44+01:00,0,20
2024-01-01T02:11:22+01:00,0,20
2024-01-01T02:11:59+01:00,0,20
2024-01-01T02:12:36+01:00,0,23
2024-01-01T02:13:13+01:00,0,20
2024-01-01T02:13:50+01:00,0,20
2024-01-01T02:14:27+01:00,0,44
2024-01-01T02:15:04+01:00,0,23
2024-01-01T02:15:41+01:00,0,20
2024-01-01T02:16:18+01:00,0,20
2024-01-01T02:16:55+01:00,0,20
2024-01-01T02:17:33+01:00,0,23
2024-01-01T02:18:10+01:00,0,20
2024-01-01T02:18:47+01:00,0,23
2024-01-01T02:19:24+01:00,0,23
2024-01-01T02:20:01+01:00,0,26
2024-01-01T02:20:38+01:00,0,23
2024-01-01T02:21:15+01:00,0,26
2024-01-01T02:21:52+01:00,0,26
2024-01-01T02:22:29+01:00,0,23
2024-01-01T02:23:06+01:00,0,23
2024-01-01T02:23:43+01:00,0,23
2024-01-01T02:26:07+01:00,0,23
2024-01-01T02:26:44+01:00,0,23
2024-01-01T02:27:21+01:00,0,23
2024-01-01T02:27:58+01:00,0,23
2024-01-01T02:28:35+01:00,0,23
2024-01-01T02:29:12+01:00,0,23
2024-01-01T02:29:49+01:00,0,23
2024-01-01T02:30:26+01:00,0,20
2024-01-01T02:31:04+01:00,0,20
2024-01-01T02:31:41+01:00,0,20
2024-01-01T02:32:18+01:00,0,20
2024-01-01T02:32:55+01:00,0,20
2024-01-01T02:33:32+01:00,0,20
2024-01-01T02:34:09+01:00,0,20
2024-01-01T02:34:46+01:00,0,23
2024-01-01T02:35:23+01:00,0,26
2024-01-01T02:36:00+01:00,0,20
2024-01-01T02:36:37+01:00,0,20
2024-01-01T02:37:15+01:00,0,20
2024-01-01T02:38:27+01:00,0,20
2024-01-01T02:39:04+01:00,0,20
2024-01-01T02:39:41+01:00,0,20
2024-01-01T02:40:18+01:00,0,20
2024-01-01T02:40:55+01:00,0,20
2024-01-01T02:41:33+01:00,0,23
2024-01-01T02:42:10+01:00,0,23
2024-01-01T02:42:47+01:00,0,23
2024-01-01T02:43:24+01:00,0,26
2024-01-01T02:44:01+01:00,0,23
2024-01-01T02:44:38+01:00,0,23
2024-01-01T02:45:15+01:00,0,26
2024-01-01T02:45:52+01:00,0,26
2024-01-01T02:46:29+01:00,0,23
2024-01-01T02:47:06+01:00,0,23
2024-01-01T02:47:44+01:00,0,23
2024-01-01T02:48:21+01:00,0,20
2024-01-01T02:48:58+01:00,0,20
2024-01-01T02:49:35+01:00,0,20
2024-01-01T02:50:12+01:00,0,20
2024-01-01T02:50:49+01:00,0,20
2024-01-01T02:51:26+01:00,0,23
2024-01-01T02:52:03+01:00,0,20
2024-01-01T02:52:40+01:00,0,20
2024-01-01T02:53:53+01:00,0,17
2024-01-01T02:54:30+01:00,0,20
2024-01-01T02:55:07+01:00,0,17
2024-01-01T02:55:44+01:00,0,17
2024-01-01T02:56:58+01:00,0,20
2024-01-01T02:57:35+01:00,0,20
2024-01-01T02:58:12+01:00,0,17
2024-01-01T02:58:50+01:00,0,20
2024-01-01T02:59:27+01:00,0,20
2024-01-01T03:00:04+01:00,0,20
2024-01-01T03:00:41+01:00,0,20
2024-01-01T03:01:18+01:00,0,20
2024-01-01T03:01:55+01:00,0,20
2024-01-01T03:02:32+01:00,0,20
2024-01-01T03:03:09+01:00,0,20
2024-01-01T03:03:46+01:00,0,20
2024-01-01T03:04:23+01:00,0,20
2024-01-01T03:05:01+01:00,0,20
2024-01-01T03:05:38+01:00,0,20
2024-01-01T03:06:15+01:00,0,17
2024-01-01T03:06:52+01:00,0,20
2024-01-01T03:07:29+01:00,0,20
2024-01-01T03:08:06+01:00,0,20
2024-01-01T03:08:43+01:00,0,20
2024-01-01T03:09:20+01:00,0,20
2024-01-01T03:09:57+01:00,0,20
2024-01-01T03:10:34+01:00,0,20
2024-01-01T03:11:12+01:00,0,17
2024-01-01T03:11:49+01:00,0,20
2024-01-01T03:12:26+01:00,0,17
2024-01-01T03:13:03+01:00,0,17
2024-01-01T03:13:40+01:00,0,20
2024-01-01T03:14:17+01:00,0,17
2024-01-01T03:14:54+01:00,0,20
2024-01-01T03:15:31+01:00,0,20
2024-01-01T03:16:08+01:00,0,20
2024-01-01T03:16:45+01:00,0,20
2024-01-01T03:17:22+01:00,0,20
2024-01-01T03:18:00+01:00,0,20
2024-01-01T03:18:37+01:00,0,20
2024-01-01T03:19:14+01:00,0,20
2024-01-01T03:19:51+01:00,0,20
2024-01-01T03:20:28+01:00,0,20
2024-01-01T03:21:05+01:00,0,20
2024-01-01T03:21:42+01:00,0,20
2024-01-01T03:22:19+01:00,0,20
2024-01-01T03:22:56+01:00,0,20
2024-01-01T03:23:33+01:00,0,20
2024-01-01T03:24:11+01:00,0,20
2024-01-01T03:24:48+01:00,0,20
2024-01-01T03:25:25+01:00,0,20
2024-01-01T03:26:02+01:00,0,20
2024-01-01T03:26:39+01:00,0,20
2024-01-01T03:27:16+01:00,0,20
2024-01-01T03:27:53+01:00,0,17
2024-01-01T03:28:30+01:00,0,17
2024-01-01T03:29:07+01:00,0,17
2024-01-01T03:29:44+01:00,0,20
2024-01-01T03:30:22+01:00,0,17
2024-01-01T03:30:59+01:00,0,20
2024-01-01T03:31:36+01:00,0,17
2024-01-01T03:32:13+01:00,0,17
2024-01-01T03:32:50+01:00,0,20
2024-01-01T03:33:27+01:00,0,20
2024-01-01T03:34:04+01:00,0,20
2024-01-01T03:34:41+01:00,0,20
2024-01-01T03:35:18+01:00,0,20
2024-01-01T03:35:55+01:00,0,20
2024-01-01T03:36:33+01:00,0,17
2024-01-01T03:37:10+01:00,0,20
2024-01-01T03:37:47+01:00,0,20
2024-01-01T03:38:24+01:00,0,20
2024-01-01T03:39:01+01:00,0,23
2024-01-01T03:39:38+01:00,0,20
2024-01-01T03:40:15+01:00,0,23
2024-01-01T03:40:52+01:00,0,20
2024-01-01T03:41:29+01:00,0,23
2024-01-01T03:42:06+01:00,0,23
2024-01-01T03:42:43+01:00,0,20
2024-01-01T03:43:21+01:00,0,20
2024-01-01T03:43:58+01:00,0,20
2024-01-01T03:44:35+01:00,0,20
2024-01-01T03:45:12+01:00,0,20
2024-01-01T03:45:49+01:00,0,20
2024-01-01T03:46:26+01:00,0,26
2024-01-01T03:47:03+01:00,0,23
2024-01-01T03:47:40+01:00,0,26
2024-01-01T03:48:17+01:00,0,23
2024-01-01T03:48:54+01:00,0,23
2024-01-01T03:49:32+01:00,0,23
2024-01-01T03:50:09+01:00,0,20
2024-01-01T03:50:46+01:00,0,20
2024-01-01T03:51:23+01:00,0,20
2024-01-01T03:52:00+01:00,0,20
2024-01-01T03:53:51+01:00,0,17
2024-01-01T03:54:28+01:00,0,23
2024-01-01T03:55:05+01:00,0,23
2024-01-01T03:55:43+01:00,0,17
2024-01-01T03:56:20+01:00,0,17
2024-01-01T03:56:57+01:00,0,17
2024-01-01T03:57:34+01:00,0,26
2024-01-01T03:58:11+01:00,0,17
2024-01-01T03:58:48+01:00,0,17
2024-01-01T03:59:25+01:00,0,17
2024-01-01T04:00:02+01:00,0,17
2024-01-01T04:00:39+01:00,0,20
2024-01-01T04:01:16+01:00,0,20
2024-01-01T04:01:54+01:00,0,17
2024-01-01T04:02:31+01:00,0,17
2024-01-01T04:03:08+01:00,0,17
2024-01-01T04:03:45+01:00,0,20
2024-01-01T04:04:22+01:00,0,23
2024-01-01T04:04:59+01:00,0,20
2024-01-01T04:05:36+01:00,0,20
2024-01-01T04:06:13+01:00,0,20
2024-01-01T04:06:50+01:00,0,17
2024-01-01T04:07:27+01:00,0,17
2024-01-01T04:08:04+01:00,0,17
2024-01-01T04:08:42+01:00,0,17
2024-01-01T04:09:19+01:00,0,17
2024-01-01T04:09:56+01:00,0,20
2024-01-01T04:10:33+01:00,0,29
2024-01-01T04:11:10+01:00,0,20
2024-01-01T04:11:47+01:00,0,17
2024-01-01T04:12:24+01:00,0,20
2024-01-01T04:13:01+01:00,0,26
2024-01-01T04:13:38+01:00,0,29
2024-01-01T04:14:15+01:00,0,20
2024-01-01T04:14:53+01:00,0,23
2024-01-01T04:15:30+01:00,0,20
2024-01-01T04:16:07+01:00,0,17
2024-01-01T04:16:44+01:00,0,17
2024-01-01T04:17:21+01:00,0,20
2024-01-01T04:17:58+01:00,0,17
2024-01-01T04:18:35+01:00,0,20
2024-01-01T04:19:12+01:00,0,17
2024-01-01T04:19:49+01:00,0,17
2024-01-01T04:20:26+01:00,0,35
2024-01-01T04:21:04+01:00,0,17
2024-01-01T04:21:41+01:00,0,17
2024-01-01T04:22:18+01:00,0,38
2024-01-01T04:22:55+01:00,0,17
2024-01-01T04:23:32+01:00,0,17
2024-01-01T04:24:09+01:00,0,26
2024-01-01T04:24:46+01:00,0,20
2024-01-01T04:25:23+01:00,0,20
2024-01-01T04:26:00+01:00,0,26
2024-01-01T04:26:37+01:00,0,20
2024-01-01T04:27:14+01:00,0,23
2024-01-01T04:27:52+01:00,0,35
2024-01-01T04:28:29+01:00,0,23
2024-01-01T04:29:06+01:00,0,17
2024-01-01T04:29:43+01:00,0,17
2024-01-01T04:30:20+01:00,0,20
2024-01-01T04:30:57+01:00,0,23
2024-01-01T04:31:34+01:00,0,20
2024-01-01T04:32:11+01:00,0,17
2024-01-01T04:32:48+01:00,0,23
2024-01-01T04:33:25+01:00,0,23
2024-01-01T04:34:03+01:00,0,32
2024-01-01T04:34:40+01:00,0,23
2024-01-01T04:35:17+01:00,0,23
2024-01-01T04:35:54+01:00,0,17
2024-01-01T04:36:31+01:00,0,23
2024-01-01T04:37:08+01:00,0,17
2024-01-01T04:37:45+01:00,0,17
2024-01-01T04:38:22+01:00,0,23
2024-01-01T04:39:36+01:00,0,20
2024-01-01T04:40:14+01:00,0,17
2024-01-01T04:40:51+01:00,0,20
2024-01-01T04:41:28+01:00,0,20
2024-01-01T04:42:42+01:00,0,20
2024-01-01T04:43:19+01:00,0,17
2024-01-01T04:43:56+01:00,0,20
2024-01-01T04:44:33+01:00,0,17
2024-01-01T04:45:10+01:00,0,17
2024-01-01T04:45:47+01:00,0,17
2024-01-01T04:46:24+01:00,0,17
2024-01-01T04:47:02+01:00,0,17
2024-01-01T04:47:39+01:00,0,20
2024-01-01T04:48:16+01:00,0,20
2024-01-01T04:48:53+01:00,0,20
2024-01-01T04:49:30+01:00,0,17
2024-01-01T04:50:07+01:00,0,17
2024-01-01T04:50:44+01:00,0,20
2024-01-01T04:51:21+01:00,0,20
2024-01-01T04:51:58+01:00,0,17
2024-01-01T04:52:35+01:00,0,20
2024-01-01T04:53:13+01:00,0,20
2024-01-01T04:53:50+01:00,0,20
2024-01-01T04:54:27+01:00,0,20
2024-01-01T04:55:04+01:00,0,20
2024-01-01T04:55:41+01:00,0,17
2024-01-01T04:56:18+01:00,0,20
2024-01-01T04:56:55+01:00,0,17
2024-01-01T04:58:08+01:00,0,20
2024-01-01T04:58:45+01:00,0,17
2024-01-01T04:59:22+01:00,0,20
2024-01-01T04:59:59+01:00,0,17
2024-01-01T05:00:36+01:00,0,20
2024-01-01T05:01:13+01:00,0,20
2024-01-01T05:01:50+01:00,0,20
2024-01-01T05:02:27+01:00,0,20
2024-01-01T05:03:04+01:00,0,20
2024-01-01T05:03:42+01:00,0,17
2024-01-01T05:04:19+01:00,0,20
2024-01-01T05:04:56+01:00,0,20
2024-01-01T05:05:33+01:00,0,20
2024-01-01T05:06:10+01:00,0,20
2024-01-01T05:06:47+01:00,0,20
2024-01-01T05:07:24+01:00,0,20
2024-01-01T05:08:01+01:00,0,17
2024-01-01T05:08:38+01:00,0,20
2024-01-01T05:09:15+01:00,0,20
2024-01-01T05:09:52+01:00,0,20
2024-01-01T05:10:30+01:00,0,20
2024-01-01T05:11:07+01:00,0,20
2024-01-01T05:11:44+01:00,0,20
2024-01-01T05:12:21+01:00,0,17
2024-01-01T05:12:58+01:00,0,20
2024-01-01T05:13:35+01:00,0,20
2024-01-01T05:14:12+01:00,0,20
2024-01-01T05:15:26+01:00,0,20
2024-01-01T05:16:03+01:00,0,20
2024-01-01T05:16:40+01:00,0,20
2024-01-01T05:17:18+01:00,0,20
2024-01-01T05:17:55+01:00,0,17
2024-01-01T05:18:32+01:00,0,20
2024-01-01T05:19:09+01:00,0,20
2024-01-01T05:19:46+01:00,0,17
2024-01-01T05:20:23+01:00,0,20
2024-01-01T05:21:00+01:00,0,17
2024-01-01T05:21:37+01:00,0,17
2024-01-01T05:22:14+01:00,0,17
2024-01-01T05:22:51+01:00,0,17
2024-01-01T05:23:28+01:00,0,17
2024-01-01T05:24:05+01:00,0,23
2024-01-01T05:24:43+01:00,0,17
2024-01-01T05:25:20+01:00,0,17
2024-01-01T05:25:57+01:00,0,17
2024-01-01T05:26:34+01:00,0,17
2024-01-01T05:27:11+01:00,0,17
2024-01-01T05:28:25+01:00,0,20
2024-01-01T05:29:02+01:00,0,17
2024-01-01T05:29:39+01:00,0,17
2024-01-01T05:30:16+01:00,0,20
2024-01-01T05:30:53+01:00,0,20
2024-01-01T05:31:31+01:00,0,20
2024-01-01T05:32:08+01:00,0,20
2024-01-01T05:32:45+01:00,0,20
2024-01-01T05:33:22+01:00,0,20
2024-01-01T05:33:59+01:00,0,20
2024-01-01T05:34:36+01:00,0,20
2024-01-01T05:35:13+01:00,0,20
2024-01-01T05:35:50+01:00,0,26
2024-01-01T05:36:27+01:00,0,23
2024-01-01T05:37:04+01:00,0,17
2024-01-01T05:37:41+01:00,0,26
2024-01-01T05:38:18+01:00,0,17
2024-01-01T05:38:56+01:00,0,20
2024-01-01T05:39:33+01:00,0,17
2024-01-01T05:40:10+01:00,0,20
2024-01-01T05:40:47+01:00,0,20
2024-01-01T05:41:24+01:00,0,17
2024-01-01T05:42:01+01:00,0,17
2024-01-01T05:42:38+01:00,0,20
2024-01-01T05:43:15+01:00,0,23
2024-01-01T05:43:52+01:00,0,20
2024-01-01T05:44:29+01:00,0,23
2024-01-01T05:45:06+01:00,0,23
2024-01-01T05:45:44+01:00,0,17
2024-01-01T05:46:21+01:00,0,23
2024-01-01T05:46:58+01:00,0,23
2024-01-01T05:47:35+01:00,0,20
2024-01-01T05:48:12+01:00,0,17
2024-01-01T05:48:49+01:00,0,23
2024-01-01T05:49:26+01:00,0,23
2024-01-01T05:50:03+01:00,0,17
2024-01-01T05:50:40+01:00,0,17
2024-01-01T05:51:17+01:00,0,17
2024-01-01T05:51:54+01:00,0,23
2024-01-01T05:52:32+01:00,0,23
2024-01-01T05:53:09+01:00,0,17
2024-01-01T05:53:46+01:00,0,20
2024-01-01T05:54:23+01:00,0,23
2024-01-01T05:55:00+01:00,0,17
2024-01-01T05:55:37+01:00,0,20
2024-01-01T05:56:14+01:00,0,17
2024-01-01T05:56:51+01:00,0,20
2024-01-01T05:57:28+01:00,0,17
2024-01-01T05:58:05+01:00,0,17
2024-01-01T05:58:42+01:00,0,17
2024-01-01T05:59:20+01:00,0,17
2024-01-01T06:00:34+01:00,0,17
2024-01-01T06:01:11+01:00,0,17
2024-01-01T06:01:48+01:00,0,23
2024-01-01T06:03:02+01:00,0,17
2024-01-01T06:03:39+01:00,0,17
2024-01-01T06:04:16+01:00,0,17
2024-01-01T06:04:53+01:00,0,17
2024-01-01T06:05:30+01:00,0,20
2024-01-01T06:06:07+01:00,0,17
2024-01-01T06:06:45+01:00,0,20
2024-01-01T06:07:22+01:00,0,20
2024-01-01T06:07:59+01:00,0,17
2024-01-01T06:08:36+01:00,0,17
2024-01-01T06:09:13+01:00,0,17
2024-01-01T06:09:50+01:00,0,20
2024-01-01T06:10:27+01:00,0,17
2024-01-01T06:11:04+01:00,0,17
2024-01-01T06:11:41+01:00,0,23
2024-01-01T06:12:18+01:00,0,17
2024-01-01T06:12:55+01:00,0,23
2024-01-01T06:13:33+01:00,0,20
2024-01-01T06:14:10+01:00,0,17
2024-01-01T06:14:47+01:00,0,20
2024-01-01T06:16:35+01:00,0,23
2024-01-01T06:17:12+01:00,0,17
2024-01-01T06:17:49+01:00,0,26
2024-01-01T06:18:26+01:00,0,17
2024-01-01T06:19:03+01:00,0,23
2024-01-01T06:19:40+01:00,0,20
2024-01-01T06:20:17+01:00,0,20
2024-01-01T06:20:54+01:00,0,17
2024-01-01T06:21:31+01:00,0,20
2024-01-01T06:22:08+01:00,0,17
2024-01-01T06:22:46+01:00,0,17
2024-01-01T06:23:23+01:00,0,17
2024-01-01T06:24:00+01:00,0,23
2024-01-01T06:24:37+01:00,0,23
2024-01-01T06:25:14+01:00,0,20
2024-01-01T06:25:51+01:00,0,20
2024-01-01T06:26:28+01:00,0,20
2024-01-01T06:27:05+01:00,0,20
2024-01-01T06:27:42+01:00,0,17
2024-01-01T06:28:19+01:00,0,17
2024-01-01T06:28:56+01:00,0,17
2024-01-01T06:29:34+01:00,0,17
2024-01-01T06:30:11+01:00,0,20
2024-01-01T06:30:48+01:00,0,20
2024-01-01T06:31:25+01:00,0,20
2024-01-01T06:32:02+01:00,0,17
2024-01-01T06:32:39+01:00,0,17
2024-01-01T06:33:16+01:00,0,17
2024-01-01T06:33:53+01:00,0,17
2024-01-01T06:34:30+01:00,0,17
2024-01-01T06:35:07+01:00,0,23
2024-01-01T06:35:44+01:00,0,20
2024-01-01T06:36:22+01:00,0,23
2024-01-01T06:36:59+01:00,0,20
2024-01-01T06:37:36+01:00,0,20
2024-01-01T06:38:13+01:00,0,23
2024-01-01T06:38:50+01:00,0,20
2024-01-01T06:39:27+01:00,0,20
2024-01-01T06:40:04+01:00,0,20
2024-01-01T06:40:41+01:00,0,20
2024-01-01T06:41:18+01:00,0,23
2024-01-01T06:41:55+01:00,0,23
2024-01-01T06:42:32+01:00,0,23
2024-01-01T06:43:47+01:00,0,23
2024-01-01T06:44:24+01:00,0,23
2024-01-01T06:45:01+01:00,0,20
2024-01-01T06:45:38+01:00,0,20
2024-01-01T06:46:15+01:00,0,20
2024-01-01T06:46:52+01:00,0,20
2024-01-01T06:47:29+01:00,0,20
2024-01-01T06:48:06+01:00,0,20
2024-01-01T06:48:43+01:00,0,20
2024-01-01T06:49:20+01:00,0,20
2024-01-01T06:49:57+01:00,0,23
2024-01-01T06:50:35+01:00,0,20
2024-01-01T06:51:12+01:00,0,20
2024-01-01T06:51:49+01:00,0,23
2024-01-01T06:52:26+01:00,0,20
2024-01-01T06:53:03+01:00,0,23
2024-01-01T06:53:40+01:00,0,23
2024-01-01T06:54:17+01:00,0,23
2024-01-01T06:54:54+01:00,0,20
2024-01-01T06:55:31+01:00,0,20
2024-01-01T06:56:08+01:00,0,20
2024-01-01T06:56:45+01:00,0,20
2024-01-01T06:57:23+01:00,0,20
2024-01-01T06:58:00+01:00,0,20
2024-01-01T06:58:37+01:00,0,20
2024-01-01T06:59:14+01:00,0,20
2024-01-01T06:59:51+01:00,0,20
2024-01-01T07:00:28+01:00,0,17
2024-01-01T07:01:05+01:00,0,20
2024-01-01T07:02:18+01:00,0,17
2024-01-01T07:02:55+01:00,0,17
2024-01-01T07:04:07+01:00,0,17
2024-01-01T07:04:44+01:00,0,20
2024-01-01T07:05:21+01:00,0,23
2024-01-01T07:05:58+01:00,0,20
2024-01-01T07:06:36+01:00,0,20
2024-01-01T07:07:13+01:00,0,20
2024-01-01T07:07:50+01:00,0,20
2024-01-01T07:08:27+01:00,0,17
2024-01-01T07:09:04+01:00,0,20
2024-01-01T07:09:41+01:00,0,20
2024-01-01T07:10:18+01:00,0,20
2024-01-01T07:10:55+01:00,0,20
2024-01-01T07:11:32+01:00,0,17
2024-01-01T07:12:09+01:00,0,17
2024-01-01T07:12:46+01:00,0,20
2024-01-01T07:13:23+01:00,0,17
2024-01-01T07:15:47+01:00,0,17
2024-01-01T07:16:24+01:00,0,20
2024-01-01T07:17:01+01:00,0,20
2024-01-01T07:17:38+01:00,0,17
2024-01-01T07:18:15+01:00,0,17
2024-01-01T07:18:52+01:00,0,20
2024-01-01T07:19:29+01:00,0,17
2024-01-01T07:20:06+01:00,0,17
2024-01-01T07:20:44+01:00,0,20
2024-01-01T07:21:21+01:00,0,20
2024-01-01T07:21:58+01:00,0,20
2024-01-01T07:22:35+01:00,0,20
2024-01-01T07:23:12+01:00,0,20
2024-01-01T07:23:49+01:00,0,20
2024-01-01T07:24:26+01:00,0,20
2024-01-01T07:25:03+01:00,0,20
2024-01-01T07:25:40+01:00,0,20
2024-01-01T07:26:17+01:00,0,20
2024-01-01T07:26:54+01:00,0,20
2024-01-01T07:28:07+01:00,0,20
2024-01-01T07:28:44+01:00,0,20
2024-01-01T07:29:21+01:00,0,20
2024-01-01T07:29:58+01:00,0.8333333134651184,20
2024-01-01T07:30:35+01:00,0.8333333134651184,17
2024-01-01T07:31:12+01:00,0.8333333134651184,17
2024-01-01T07:31:50+01:00,0.8333333134651184,17
2024-01-01T07:32:27+01:00,0.8333333134651184,17
2024-01-01T07:33:04+01:00,0.8333333134651184,20
2024-01-01T07:33:41+01:00,0.8333333134651184,20
2024-01-01T07:34:18+01:00,0.8333333134651184,20
2024-01-01T07:34:55+01:00,0.8333333134651184,20
2024-01-01T07:35:32+01:00,1.6666666269302368,20
2024-01-01T07:36:09+01:00,1.6666666269302368,20
2024-01-01T07:36:46+01:00,1.6666666269302368,20
2024-01-01T07:37:23+01:00,1.6666666269302368,20
2024-01-01T07:38:00+01:00,1.6666666269302368,20
2024-01-01T07:38:38+01:00,2.5,20
2024-01-01T07:39:15+01:00,2.5,20
2024-01-01T07:41:03+01:00,3.3333332538604736,20
2024-01-01T07:41:40+01:00,3.3333332538604736,20
2024-01-01T07:42:17+01:00,4.166666507720947,20
2024-01-01T07:42:54+01:00,4.166666507720947,17
2024-01-01T07:43:31+01:00,5,20
2024-01-01T07:44:08+01:00,5.8333330154418945,17
2024-01-01T07:44:45+01:00,5.8333330154418945,20
2024-01-01T07:45:22+01:00,6.666666507720947,17
2024-01-01T07:45:59+01:00,7.499999523162842,20
2024-01-01T07:46:36+01:00,8.333333015441895,20
2024-01-01T07:47:13+01:00,10,20
2024-01-01T07:47:51+01:00,10.833333015441895,20
2024-01-01T07:48:28+01:00,11.666666030883789,20
2024-01-01T07:49:05+01:00,13.333333015441895,20
2024-01-01T07:49:42+01:00,14.999999046325684,20
2024-01-01T07:50:19+01:00,16.66666603088379,20
2024-01-01T07:50:56+01:00,18.333332061767578,20
2024-01-01T07:51:33+01:00,20,20
2024-01-01T07:52:10+01:00,21.66666603088379,20
2024-01-01T07:53:23+01:00,26.66666603088379,17
2024-01-01T07:54:00+01:00,29.16666603088379,17
2024-01-01T07:54:37+01:00,32.5,17
2024-01-01T07:55:14+01:00,35,20
2024-01-01T07:55:51+01:00,38.33333206176758,20
2024-01-01T07:56:28+01:00,42.5,20
2024-01-01T07:57:05+01:00,45.83333206176758,20
2024-01-01T07:57:42+01:00,49.999996185302734,20
2024-01-01T07:58:19+01:00,54.999996185302734,20
2024-01-01T07:58:57+01:00,59.999996185302734,20
2024-01-01T07:59:34+01:00,65,17
2024-01-01T08:00:11+01:00,70.83332824707031,20
2024-01-01T08:00:48+01:00,77.5,20
2024-01-01T08:01:25+01:00,83.33332824707031,20
2024-01-01T08:02:02+01:00,90,17
2024-01-01T08:02:39+01:00,97.49999237060547,20
2024-01-01T08:03:16+01:00,104.99999237060547,20
2024-01-01T08:03:53+01:00,113.33332824707031,20
2024-01-01T08:04:30+01:00,121.66666412353516,20
2024-01-01T08:05:43+01:00,137.5,20
2024-01-01T08:06:20+01:00,146.66665649414062,20
2024-01-01T08:06:57+01:00,156.66665649414062,20
2024-01-01T08:07:34+01:00,166.66665649414062,20
2024-01-01T08:08:11+01:00,178.3333282470703,17
2024-01-01T08:08:48+01:00,189.16665649414062,20
2024-01-01T08:09:25+01:00,200.8333282470703,20
2024-01-01T08:10:03+01:00,212.49998474121094,20
2024-01-01T08:10:40+01:00,225.8333282470703,20
2024-01-01T08:11:17+01:00,238.3333282470703,17
2024-01-01T08:11:54+01:00,251.66665649414062,23
